n,method,microseconds_per_query
1000,Linear,11.714665917679667
1000,Binary,0.4797079600393772
1000,Hash,1.0406661313027143
1000,Bloom,2.897749887779355
1000,Cuckoo,1.2554998975247145
5000,Linear,43.46616682596505
5000,Binary,0.6078749429434538
5000,Hash,1.02937500923872
5000,Bloom,3.8110411260277033
5000,Cuckoo,1.2916659470647573
10000,Linear,87.77195890434086
10000,Binary,0.6753748748451471
10000,Hash,1.0472501162439585
10000,Bloom,2.8190419543534517
10000,Cuckoo,1.3219581451267004
50000,Linear,443.86458303779364
50000,Binary,0.7504168897867203
50000,Hash,1.0659999679774046
50000,Bloom,2.871125005185604
50000,Cuckoo,1.2683751992881298
100000,Linear,891.8345840647817
100000,Binary,0.8940419647842646
100000,Hash,1.0602918919175863
100000,Bloom,3.3479579724371433
100000,Cuckoo,1.278416020795703
200000,Linear,1784.9145829677582
200000,Binary,0.8802080992609262
200000,Hash,1.0336660780012608
200000,Bloom,3.721875138580799
200000,Cuckoo,1.6099999193102121
500000,Linear,4604.9267910420895
500000,Binary,0.978749943897128
500000,Hash,1.0961669031530619
500000,Bloom,2.578791929408908
500000,Cuckoo,1.4072919730097055
1000000,Linear,9111.813541967422
1000000,Binary,1.0489590931683779
1000000,Hash,1.0726668406277895
1000000,Bloom,3.1593339517712593
1000000,Cuckoo,1.366875134408474
