n,method,target_false_positive_rate,measured_false_positive_rate,false_negatives
1000,Bloom,0.01,0.00422,0
1000,Cuckoo,0.01,0.00422,0
5000,Bloom,0.01,0.00449,0
5000,Cuckoo,0.01,0.00449,0
10000,Bloom,0.01,0.00449,0
10000,Cuckoo,0.01,0.00449,0
50000,Bloom,0.01,0.00616,0
50000,Cuckoo,0.01,0.00616,0
100000,Bloom,0.01,0.00588,0
100000,Cuckoo,0.01,0.00588,0
200000,Bloom,0.01,0.00595,0
200000,Cuckoo,0.01,0.00595,0
500000,Bloom,0.01,0.0037,0
500000,Cuckoo,0.01,0.0037,0
1000000,Bloom,0.01,0.00382,0
1000000,Cuckoo,0.01,0.00382,0
2000000,Bloom,0.01,0.0038,0
2000000,Cuckoo,0.01,0.0038,0
5000000,Bloom,0.01,0.00457,0
5000000,Cuckoo,0.01,0.00457,0
10000000,Bloom,0.01,0.00464,0
10000000,Cuckoo,0.01,0.00464,0
